{
    "$schema": "https://schema.management.azure.com/schemas/2019-04-01/deploymentTemplate.json#",
    "contentVersion": "1.0.0.0",
    "parameters": {
        "virtualMachines_vm_amizeq_01_name": {
            "defaultValue": "vm-amizeq-01",
            "type": "String"
        },
        "disks_vm_amizeq_01_OsDisk_1_02e5fe7de4fd4144ad4b4fc77358e5c0_externalid": {
            "defaultValue": "/subscriptions/6e0c59d0-fa4e-460b-8900-1880e62d0bb2/resourceGroups/rg-amizeq/providers/Microsoft.Compute/disks/vm-amizeq-01_OsDisk_1_02e5fe7de4fd4144ad4b4fc77358e5c0",
            "type": "String"
        },
        "networkInterfaces_vm_amizeq_01375_z1_externalid": {
            "defaultValue": "/subscriptions/6e0c59d0-fa4e-460b-8900-1880e62d0bb2/resourceGroups/rg-amizeq/providers/Microsoft.Network/networkInterfaces/vm-amizeq-01375_z1",
            "type": "String"
        }
    },
    "variables": {},
    "resources": [
        {
            "type": "Microsoft.Compute/virtualMachines",
            "apiVersion": "2024-07-01",
            "name": "[parameters('virtualMachines_vm_amizeq_01_name')]",
            "location": "switzerlandnorth",
            "zones": [
                "1"
            ],
            "properties": {
                "hardwareProfile": {
                    "vmSize": "Standard_B1s"
                },
                "additionalCapabilities": {
                    "hibernationEnabled": false
                },
                "storageProfile": {
                    "imageReference": {
                        "publisher": "canonical",
                        "offer": "0001-com-ubuntu-minimal-jammy",
                        "sku": "minimal-22_04-lts-gen2",
                        "version": "latest"
                    },
                    "osDisk": {
                        "osType": "Linux",
                        "name": "[concat(parameters('virtualMachines_vm_amizeq_01_name'), '_OsDisk_1_02e5fe7de4fd4144ad4b4fc77358e5c0')]",
                        "createOption": "FromImage",
                        "caching": "ReadWrite",
                        "managedDisk": {
                            "storageAccountType": "Standard_LRS",
                            "id": "[parameters('disks_vm_amizeq_01_OsDisk_1_02e5fe7de4fd4144ad4b4fc77358e5c0_externalid')]"
                        },
                        "deleteOption": "Delete",
                        "diskSizeGB": 30
                    },
                    "dataDisks": [],
                    "diskControllerType": "SCSI"
                },
                "osProfile": {
                    "computerName": "[parameters('virtualMachines_vm_amizeq_01_name')]",
                    "adminUsername": "amizeq",
                    "linuxConfiguration": {
                        "disablePasswordAuthentication": false,
                        "provisionVMAgent": true,
                        "patchSettings": {
                            "patchMode": "ImageDefault",
                            "assessmentMode": "ImageDefault"
                        }
                    },
                    "secrets": [],
                    "allowExtensionOperations": true,
                    "requireGuestProvisionSignal": true
                },
                "networkProfile": {
                    "networkInterfaces": [
                        {
                            "id": "[parameters('networkInterfaces_vm_amizeq_01375_z1_externalid')]",
                            "properties": {
                                "deleteOption": "Detach"
                            }
                        }
                    ]
                },
                "diagnosticsProfile": {
                    "bootDiagnostics": {
                        "enabled": true
                    }
                }
            }
        }
    ]
}