{
    "$schema": "https://schema.management.azure.com/schemas/2015-01-01/deploymentParameters.json#",
    "contentVersion": "1.0.0.0",
    "parameters": {
        "publicIPAddresses_vm_amizeq_01_ip_name": {
            "value": null
        },
        "publicIPAddresses_vmamizeq01ip814_name": {
            "value": null
        },
        "virtualNetworks_vm_amizeq_01_vnet_name": {
            "value": null
        },
        "networkInterfaces_vm_amizeq_0180_z1_name": {
            "value": null
        },
        "networkInterfaces_vm_amizeq_01375_z1_name": {
            "value": null
        },
        "networkSecurityGroups_vm_amizeq_01_nsg_name": {
            "value": null
        },
        "networkSecurityGroups_vmamizeq01nsg807_name": {
            "value": null
        }
    }
}