{
    "$schema": "https://schema.management.azure.com/schemas/2019-04-01/deploymentTemplate.json#",
    "contentVersion": "1.0.0.0",
    "parameters": {
        "publicIPAddresses_vm_amizeq_01_ip_name": {
            "defaultValue": "vm-amizeq-01-ip",
            "type": "String"
        },
        "publicIPAddresses_vmamizeq01ip814_name": {
            "defaultValue": "vmamizeq01ip814",
            "type": "String"
        },
        "virtualNetworks_vm_amizeq_01_vnet_name": {
            "defaultValue": "vm-amizeq-01-vnet",
            "type": "String"
        },
        "networkInterfaces_vm_amizeq_0180_z1_name": {
            "defaultValue": "vm-amizeq-0180_z1",
            "type": "String"
        },
        "networkInterfaces_vm_amizeq_01375_z1_name": {
            "defaultValue": "vm-amizeq-01375_z1",
            "type": "String"
        },
        "networkSecurityGroups_vm_amizeq_01_nsg_name": {
            "defaultValue": "vm-amizeq-01-nsg",
            "type": "String"
        },
        "networkSecurityGroups_vmamizeq01nsg807_name": {
            "defaultValue": "vmamizeq01nsg807",
            "type": "String"
        }
    },
    "variables": {},
    "resources": [
        {
            "type": "Microsoft.Network/networkSecurityGroups",
            "apiVersion": "2024-01-01",
            "name": "[parameters('networkSecurityGroups_vm_amizeq_01_nsg_name')]",
            "location": "switzerlandnorth",
            "properties": {
                "securityRules": [
                    {
                        "name": "SSH",
                        "id": "[resourceId('Microsoft.Network/networkSecurityGroups/securityRules', parameters('networkSecurityGroups_vm_amizeq_01_nsg_name'), 'SSH')]",
                        "type": "Microsoft.Network/networkSecurityGroups/securityRules",
                        "properties": {
                            "protocol": "TCP",
                            "sourcePortRange": "*",
                            "destinationPortRange": "22",
                            "sourceAddressPrefix": "*",
                            "destinationAddressPrefix": "*",
                            "access": "Allow",
                            "priority": 300,
                            "direction": "Inbound",
                            "sourcePortRanges": [],
                            "destinationPortRanges": [],
                            "sourceAddressPrefixes": [],
                            "destinationAddressPrefixes": []
                        }
                    }
                ]
            }
        },
        {
            "type": "Microsoft.Network/networkSecurityGroups",
            "apiVersion": "2024-01-01",
            "name": "[parameters('networkSecurityGroups_vmamizeq01nsg807_name')]",
            "location": "switzerlandnorth",
            "properties": {
                "securityRules": [
                    {
                        "name": "SSH",
                        "id": "[resourceId('Microsoft.Network/networkSecurityGroups/securityRules', parameters('networkSecurityGroups_vmamizeq01nsg807_name'), 'SSH')]",
                        "type": "Microsoft.Network/networkSecurityGroups/securityRules",
                        "properties": {
                            "protocol": "TCP",
                            "sourcePortRange": "*",
                            "destinationPortRange": "22",
                            "sourceAddressPrefix": "*",
                            "destinationAddressPrefix": "*",
                            "access": "Allow",
                            "priority": 300,
                            "direction": "Inbound",
                            "sourcePortRanges": [],
                            "destinationPortRanges": [],
                            "sourceAddressPrefixes": [],
                            "destinationAddressPrefixes": []
                        }
                    }
                ]
            }
        },
        {
            "type": "Microsoft.Network/publicIPAddresses",
            "apiVersion": "2024-01-01",
            "name": "[parameters('publicIPAddresses_vm_amizeq_01_ip_name')]",
            "location": "switzerlandnorth",
            "sku": {
                "name": "Standard",
                "tier": "Regional"
            },
            "zones": [
                "1"
            ],
            "properties": {
                "ipAddress": "51.103.213.71",
                "publicIPAddressVersion": "IPv4",
                "publicIPAllocationMethod": "Static",
                "idleTimeoutInMinutes": 4,
                "ipTags": []
            }
        },
        {
            "type": "Microsoft.Network/publicIPAddresses",
            "apiVersion": "2024-01-01",
            "name": "[parameters('publicIPAddresses_vmamizeq01ip814_name')]",
            "location": "switzerlandnorth",
            "sku": {
                "name": "Standard",
                "tier": "Regional"
            },
            "zones": [
                "1"
            ],
            "properties": {
                "ipAddress": "51.103.214.199",
                "publicIPAddressVersion": "IPv4",
                "publicIPAllocationMethod": "Static",
                "idleTimeoutInMinutes": 4,
                "ipTags": []
            }
        },
        {
            "type": "Microsoft.Network/virtualNetworks",
            "apiVersion": "2024-01-01",
            "name": "[parameters('virtualNetworks_vm_amizeq_01_vnet_name')]",
            "location": "switzerlandnorth",
            "properties": {
                "addressSpace": {
                    "addressPrefixes": [
                        "10.5.0.0/16"
                    ]
                },
                "subnets": [
                    {
                        "name": "default",
                        "id": "[resourceId('Microsoft.Network/virtualNetworks/subnets', parameters('virtualNetworks_vm_amizeq_01_vnet_name'), 'default')]",
                        "properties": {
                            "addressPrefix": "10.5.0.0/24",
                            "delegations": [],
                            "privateEndpointNetworkPolicies": "Disabled",
                            "privateLinkServiceNetworkPolicies": "Enabled"
                        },
                        "type": "Microsoft.Network/virtualNetworks/subnets"
                    }
                ],
                "virtualNetworkPeerings": [],
                "enableDdosProtection": false
            }
        },
        {
            "type": "Microsoft.Network/networkSecurityGroups/securityRules",
            "apiVersion": "2024-01-01",
            "name": "[concat(parameters('networkSecurityGroups_vm_amizeq_01_nsg_name'), '/SSH')]",
            "dependsOn": [
                "[resourceId('Microsoft.Network/networkSecurityGroups', parameters('networkSecurityGroups_vm_amizeq_01_nsg_name'))]"
            ],
            "properties": {
                "protocol": "TCP",
                "sourcePortRange": "*",
                "destinationPortRange": "22",
                "sourceAddressPrefix": "*",
                "destinationAddressPrefix": "*",
                "access": "Allow",
                "priority": 300,
                "direction": "Inbound",
                "sourcePortRanges": [],
                "destinationPortRanges": [],
                "sourceAddressPrefixes": [],
                "destinationAddressPrefixes": []
            }
        },
        {
            "type": "Microsoft.Network/networkSecurityGroups/securityRules",
            "apiVersion": "2024-01-01",
            "name": "[concat(parameters('networkSecurityGroups_vmamizeq01nsg807_name'), '/SSH')]",
            "dependsOn": [
                "[resourceId('Microsoft.Network/networkSecurityGroups', parameters('networkSecurityGroups_vmamizeq01nsg807_name'))]"
            ],
            "properties": {
                "protocol": "TCP",
                "sourcePortRange": "*",
                "destinationPortRange": "22",
                "sourceAddressPrefix": "*",
                "destinationAddressPrefix": "*",
                "access": "Allow",
                "priority": 300,
                "direction": "Inbound",
                "sourcePortRanges": [],
                "destinationPortRanges": [],
                "sourceAddressPrefixes": [],
                "destinationAddressPrefixes": []
            }
        },
        {
            "type": "Microsoft.Network/virtualNetworks/subnets",
            "apiVersion": "2024-01-01",
            "name": "[concat(parameters('virtualNetworks_vm_amizeq_01_vnet_name'), '/default')]",
            "dependsOn": [
                "[resourceId('Microsoft.Network/virtualNetworks', parameters('virtualNetworks_vm_amizeq_01_vnet_name'))]"
            ],
            "properties": {
                "addressPrefix": "10.5.0.0/24",
                "delegations": [],
                "privateEndpointNetworkPolicies": "Disabled",
                "privateLinkServiceNetworkPolicies": "Enabled"
            }
        },
        {
            "type": "Microsoft.Network/networkInterfaces",
            "apiVersion": "2024-01-01",
            "name": "[parameters('networkInterfaces_vm_amizeq_01375_z1_name')]",
            "location": "switzerlandnorth",
            "dependsOn": [
                "[resourceId('Microsoft.Network/publicIPAddresses', parameters('publicIPAddresses_vmamizeq01ip814_name'))]",
                "[resourceId('Microsoft.Network/virtualNetworks/subnets', parameters('virtualNetworks_vm_amizeq_01_vnet_name'), 'default')]",
                "[resourceId('Microsoft.Network/networkSecurityGroups', parameters('networkSecurityGroups_vmamizeq01nsg807_name'))]"
            ],
            "kind": "Regular",
            "properties": {
                "ipConfigurations": [
                    {
                        "name": "ipconfig1",
                        "id": "[concat(resourceId('Microsoft.Network/networkInterfaces', parameters('networkInterfaces_vm_amizeq_01375_z1_name')), '/ipConfigurations/ipconfig1')]",
                        "type": "Microsoft.Network/networkInterfaces/ipConfigurations",
                        "properties": {
                            "privateIPAddress": "10.5.0.5",
                            "privateIPAllocationMethod": "Dynamic",
                            "publicIPAddress": {
                                "id": "[resourceId('Microsoft.Network/publicIPAddresses', parameters('publicIPAddresses_vmamizeq01ip814_name'))]",
                                "properties": {
                                    "deleteOption": "Detach"
                                }
                            },
                            "subnet": {
                                "id": "[resourceId('Microsoft.Network/virtualNetworks/subnets', parameters('virtualNetworks_vm_amizeq_01_vnet_name'), 'default')]"
                            },
                            "primary": true,
                            "privateIPAddressVersion": "IPv4"
                        }
                    }
                ],
                "dnsSettings": {
                    "dnsServers": []
                },
                "enableAcceleratedNetworking": false,
                "enableIPForwarding": false,
                "disableTcpStateTracking": false,
                "networkSecurityGroup": {
                    "id": "[resourceId('Microsoft.Network/networkSecurityGroups', parameters('networkSecurityGroups_vmamizeq01nsg807_name'))]"
                },
                "nicType": "Standard",
                "auxiliaryMode": "None",
                "auxiliarySku": "None"
            }
        },
        {
            "type": "Microsoft.Network/networkInterfaces",
            "apiVersion": "2024-01-01",
            "name": "[parameters('networkInterfaces_vm_amizeq_0180_z1_name')]",
            "location": "switzerlandnorth",
            "dependsOn": [
                "[resourceId('Microsoft.Network/publicIPAddresses', parameters('publicIPAddresses_vm_amizeq_01_ip_name'))]",
                "[resourceId('Microsoft.Network/virtualNetworks/subnets', parameters('virtualNetworks_vm_amizeq_01_vnet_name'), 'default')]",
                "[resourceId('Microsoft.Network/networkSecurityGroups', parameters('networkSecurityGroups_vm_amizeq_01_nsg_name'))]"
            ],
            "kind": "Regular",
            "properties": {
                "ipConfigurations": [
                    {
                        "name": "ipconfig1",
                        "id": "[concat(resourceId('Microsoft.Network/networkInterfaces', parameters('networkInterfaces_vm_amizeq_0180_z1_name')), '/ipConfigurations/ipconfig1')]",
                        "type": "Microsoft.Network/networkInterfaces/ipConfigurations",
                        "properties": {
                            "privateIPAddress": "10.5.0.4",
                            "privateIPAllocationMethod": "Dynamic",
                            "publicIPAddress": {
                                "id": "[resourceId('Microsoft.Network/publicIPAddresses', parameters('publicIPAddresses_vm_amizeq_01_ip_name'))]",
                                "properties": {
                                    "deleteOption": "Detach"
                                }
                            },
                            "subnet": {
                                "id": "[resourceId('Microsoft.Network/virtualNetworks/subnets', parameters('virtualNetworks_vm_amizeq_01_vnet_name'), 'default')]"
                            },
                            "primary": true,
                            "privateIPAddressVersion": "IPv4"
                        }
                    }
                ],
                "dnsSettings": {
                    "dnsServers": []
                },
                "enableAcceleratedNetworking": false,
                "enableIPForwarding": false,
                "disableTcpStateTracking": false,
                "networkSecurityGroup": {
                    "id": "[resourceId('Microsoft.Network/networkSecurityGroups', parameters('networkSecurityGroups_vm_amizeq_01_nsg_name'))]"
                },
                "nicType": "Standard",
                "auxiliaryMode": "None",
                "auxiliarySku": "None"
            }
        }
    ]
}